{"_runtime":0.426630025,"_step":1,"_wandb":{"runtime":0},"best_mae_mean":781.7955981794304,"best_mae_std":3.5711561283812054,"best_r2_mean":0.9714448643584693,"best_r2_std":0.0008310760829970437,"_timestamp":1.7220093552369728e+09}