{"best_params_rf": {"regressor__max_depth": 9, "regressor__min_samples_leaf": 10, "regressor__n_estimators": 50}, "best_r2_rf": 0.8561181252751421, "_timestamp": 1721941196.9829595, "_runtime": 2.4738895893096924, "_step": 5, "best_r2_score_rf": 0.8561181252751421, "best_r2_std_rf": 0.083818965705294, "best_mae_score_rf": 1682.296608458991, "best_mae_std_rf": 908.7141391358343, "_wandb": {"runtime": 2}}