{"best_r2_mean": 0.9714448643584693, "best_r2_std": 0.0008310760829970437, "_timestamp": 1721967791.1469815, "_runtime": 2.4597015380859375, "_step": 1, "best_mae_mean": 781.7955981794304, "best_mae_std": 3.5711561283812054, "_wandb": {"runtime": 2}}