{"best_r2_mean": 0.8561181252751421, "best_r2_std": 0.083818965705294, "_timestamp": 1721943027.8555918, "_runtime": 2.5621678829193115, "_step": 1, "best_mae_mean": 1682.296608458991, "best_mae_std": 908.7141391358343, "_wandb": {"runtime": 2}}