{"best_r2_mean": 0.8362608829520429, "best_r2_std": 0.06424652580432261, "_timestamp": 1721942768.4041042, "_runtime": 2.260540246963501, "_step": 1, "best_mae_mean": 1800.8887391535773, "best_mae_std": 706.1652182968907, "_wandb": {"runtime": 2}}