{"best_r2_test": 0.9696408371711306, "best_mae_test": 813.2023709266927, "_timestamp": 1721947003.671543, "_runtime": 2.4900619983673096, "_step": 1, "_wandb": {"runtime": 2}}