{"best_r2_mean": 0.9714448643584693, "best_r2_std": 0.0008310760829970437, "_timestamp": 1722006495.9388041, "_runtime": 3.052525043487549, "_step": 1, "best_mae_mean": 781.7955981794304, "best_mae_std": 3.5711561283812054, "_wandb": {"runtime": 2}}