{"best_r2_mean": 0.8362690316669443, "best_r2_std": 0.064270556203788, "_timestamp": 1722701770.546879, "_runtime": 2.6224470138549805, "_step": 1, "best_mae_mean": 1800.863660226946, "best_mae_std": 706.342466356767, "_wandb": {"runtime": 2}}