{"_runtime":0.333698669,"_step":1,"best_r2_mean":0.9714448643584693,"best_r2_std":0.0008310760829970437,"_timestamp":1.7220087165949697e+09,"_wandb":{"runtime":0},"best_mae_mean":781.7955981794304,"best_mae_std":3.5711561283812054}