{"best_r2_mean":0.9714448643584693,"best_r2_std":0.0008310760829970437,"_timestamp":1.7220081857202404e+09,"_runtime":0.409877897,"_step":1,"_wandb":{"runtime":0},"best_mae_mean":781.7955981794304,"best_mae_std":3.5711561283812054}