{"best_r2_mean": 0.8561181252751421, "best_r2_std": 0.083818965705294, "_timestamp": 1722376303.879238, "_runtime": 2.595709800720215, "_step": 1, "best_mae_mean": 1682.296608458991, "best_mae_std": 908.7141391358343, "_wandb": {"runtime": 2}}