{"r2_test": 0.9696408371711306, "mae_test": 813.2023709266927, "_timestamp": 1721947051.6609707, "_runtime": 2.432079792022705, "_step": 1, "_wandb": {"runtime": 2}}