{"r2_test": 0.9696408371711306, "mae_test": 813.2023709266927, "_timestamp": 1722376823.2626374, "_runtime": 3.0824272632598877, "_step": 1, "_wandb": {"runtime": 2}}