{"best_r2_std":0.0005333222027302623,"_timestamp":1.722012144631412e+09,"_runtime":0.39767049,"_step":1,"best_r2_mean":0.9397499246428956,"_wandb":{"runtime":0},"best_mae_mean":1164.5788133629449,"best_mae_std":3.1731785217666926}