{"best_r2_mean": 0.856139930586347, "best_r2_std": 0.08383362240777148, "_timestamp": 1722702024.4325817, "_runtime": 2.4597055912017822, "_step": 1, "best_mae_mean": 1681.9912358181857, "best_mae_std": 908.8369972925692, "_wandb": {"runtime": 2}}