{"best_params_rf": {"regressor__max_depth": 9, "regressor__min_samples_leaf": 10, "regressor__n_estimators": 100}, "_timestamp": 1721941980.8419232, "_runtime": 3.219043254852295, "_step": 5, "best_r2_score_rf": 0.8362608829520429, "best_r2_std_rf": 0.06424652580432261, "best_mae_score_rf": 1800.8887391535773, "best_mae_std_rf": 706.1652182968907, "best_params_gb": {"regressor__max_depth": 9, "regressor__min_samples_leaf": 10, "regressor__n_estimators": 100}, "best_r2_score_gb": 0.8561181252751421, "best_r2_std_gb": 0.083818965705294, "best_mae_score_gb": 1682.296608458991, "best_mae_std_gb": 908.7141391358343, "_wandb": {"runtime": 734}}